Amino acid,Frequency
A,7.135168193
C,2.233186432
D,4.78904008
E,7.024087925
F,3.630214869
G,6.576005645
H,2.618210966
I,4.274714544
K,5.606286508
L,10.06146211
M,2.134723469
N,3.509453337
P,6.325847161
Q,4.730520726
R,5.808451254
S,8.296708764
T,5.301245141
V,6.111535259
W,1.23056635
Y,2.602571263
