Amino Acid,P1,P2,P3,P4,P5,P6,P7,P8,P9,P10
A,11.11111111,13.88888889,22.22222222,11.11111111,8.333333333,16.66666667,5.555555556,11.11111111,2.777777778,0
C,0,0,0,0,0,0,0,0,0,0
D,22.22222222,2.777777778,0,11.11111111,11.11111111,5.555555556,0,11.11111111,8.333333333,2.777777778
E,2.777777778,8.333333333,8.333333333,8.333333333,8.333333333,5.555555556,0,0,2.777777778,2.777777778
F,13.88888889,13.88888889,0,2.777777778,2.777777778,5.555555556,0,11.11111111,11.11111111,5.555555556
G,0,2.777777778,0,0,8.333333333,2.777777778,16.66666667,5.555555556,0,2.777777778
H,0,0,0,2.777777778,2.777777778,2.777777778,2.777777778,0,0,0
I,8.333333333,2.777777778,11.11111111,0,2.777777778,2.777777778,2.777777778,11.11111111,2.777777778,5.555555556
K,0,5.555555556,0,8.333333333,8.333333333,13.88888889,8.333333333,8.333333333,13.88888889,5.555555556
L,11.11111111,13.88888889,13.88888889,5.555555556,2.777777778,13.88888889,8.333333333,2.777777778,8.333333333,47.22222222
M,0,5.555555556,2.777777778,5.555555556,0,0,2.777777778,0,2.777777778,8.333333333
N,2.777777778,5.555555556,2.777777778,8.333333333,2.777777778,2.777777778,5.555555556,2.777777778,2.777777778,2.777777778
P,2.777777778,0,2.777777778,11.11111111,5.555555556,2.777777778,11.11111111,2.777777778,2.777777778,5.555555556
Q,0,8.333333333,5.555555556,11.11111111,2.777777778,2.777777778,5.555555556,8.333333333,2.777777778,0
R,0,2.777777778,2.777777778,0,8.333333333,2.777777778,8.333333333,2.777777778,2.777777778,2.777777778
S,0,8.333333333,5.555555556,8.333333333,11.11111111,2.777777778,13.88888889,5.555555556,2.777777778,5.555555556
T,2.777777778,2.777777778,5.555555556,0,2.777777778,2.777777778,5.555555556,2.777777778,13.88888889,0
V,13.88888889,0,8.333333333,2.777777778,11.11111111,11.11111111,2.777777778,8.333333333,19.44444444,0
W,0,0,2.777777778,0,0,0,0,5.555555556,0,0
Y,8.333333333,2.777777778,5.555555556,2.777777778,0,2.777777778,0,0,0,2.777777778
Total,100,100,100,100,100,100,100,100,100,100
