Amino Acid,P1,P2,P3,P4,P5,P6,P7,P8
A,0,4.761904762,19.04761905,9.523809524,19.04761905,14.28571429,0,0
C,0,0,0,0,0,0,4.761904762,0
D,47.61904762,0,0,0,4.761904762,0,9.523809524,0
E,9.523809524,4.761904762,4.761904762,4.761904762,4.761904762,4.761904762,14.28571429,4.761904762
F,0,52.38095238,4.761904762,4.761904762,0,19.04761905,0,9.523809524
G,4.761904762,0,47.61904762,4.761904762,9.523809524,19.04761905,9.523809524,4.761904762
H,0,4.761904762,4.761904762,0,4.761904762,0,0,0
I,0,9.523809524,0,4.761904762,0,0,14.28571429,0
K,0,0,0,14.28571429,0,9.523809524,19.04761905,0
L,4.761904762,19.04761905,9.523809524,0,4.761904762,0,0,33.33333333
M,4.761904762,0,0,0,0,9.523809524,4.761904762,9.523809524
N,9.523809524,4.761904762,4.761904762,4.761904762,0,0,0,0
P,0,0,0,28.57142857,4.761904762,4.761904762,4.761904762,19.04761905
Q,0,0,0,0,9.523809524,0,9.523809524,0
R,0,0,0,9.523809524,4.761904762,0,0,0
S,0,0,0,0,9.523809524,0,4.761904762,0
T,4.761904762,0,0,4.761904762,14.28571429,0,4.761904762,0
V,4.761904762,0,4.761904762,9.523809524,0,4.761904762,0,4.761904762
W,4.761904762,0,0,0,4.761904762,4.761904762,0,4.761904762
Y,4.761904762,0,0,0,4.761904762,9.523809524,0,9.523809524
Total,100,100,100,100,100,100,100,100
