Amino Acid,P1,P2,P3,P4,P5,P6,P7,P8,P9
A,1.219512195,3.658536585,2.43902439,3.658536585,4.87804878,2.43902439,7.317073171,9.756097561,0
C,0,0,0,0,0,0,0,0,0
D,56.09756098,0,12.19512195,3.658536585,2.43902439,3.658536585,3.658536585,7.317073171,1.219512195
E,6.097560976,2.43902439,6.097560976,6.097560976,7.317073171,12.19512195,17.07317073,12.19512195,0
F,3.658536585,53.65853659,3.658536585,6.097560976,1.219512195,4.87804878,8.536585366,1.219512195,9.756097561
G,0,0,2.43902439,3.658536585,4.87804878,3.658536585,4.87804878,2.43902439,0
H,0,0,0,7.317073171,9.756097561,3.658536585,0,1.219512195,0
I,1.219512195,4.87804878,9.756097561,1.219512195,3.658536585,2.43902439,3.658536585,1.219512195,2.43902439
K,0,0,2.43902439,8.536585366,6.097560976,0,14.63414634,4.87804878,0
L,1.219512195,17.07317073,4.87804878,8.536585366,9.756097561,7.317073171,2.43902439,7.317073171,50
M,0,8.536585366,7.317073171,1.219512195,0,1.219512195,3.658536585,3.658536585,8.536585366
N,15.85365854,0,9.756097561,4.87804878,6.097560976,14.63414634,1.219512195,3.658536585,1.219512195
P,2.43902439,1.219512195,1.219512195,9.756097561,14.63414634,10.97560976,12.19512195,6.097560976,18.29268293
Q,0,2.43902439,12.19512195,3.658536585,2.43902439,4.87804878,6.097560976,9.756097561,1.219512195
R,0,1.219512195,2.43902439,6.097560976,4.87804878,1.219512195,1.219512195,3.658536585,0
S,3.658536585,0,12.19512195,10.97560976,1.219512195,9.756097561,4.87804878,3.658536585,0
T,3.658536585,2.43902439,7.317073171,6.097560976,0,4.87804878,1.219512195,4.87804878,0
V,1.219512195,2.43902439,1.219512195,4.87804878,13.41463415,3.658536585,6.097560976,13.41463415,1.219512195
W,0,0,0,0,2.43902439,0,1.219512195,1.219512195,2.43902439
Y,3.658536585,0,2.43902439,3.658536585,4.87804878,8.536585366,0,2.43902439,3.658536585
Total,100,100,100,100,100,100,100,100,100
