Amino Acid,P2,P3,P1,P6,P7,P4,P5,P8,P9,P10
A,8.82352941176,23.5294117647,17.6470588235,17.6470588235,2.94117647059,11.7647058824,0.0,11.7647058824,0.0,5.88235294118
C,0.0,0.0,0.0,0.0,0.0,2.94117647059,0.0,0.0,0.0,0.0
D,2.94117647059,5.88235294118,23.5294117647,5.88235294118,0.0,14.7058823529,8.82352941176,2.94117647059,5.88235294118,2.94117647059
E,2.94117647059,2.94117647059,5.88235294118,5.88235294118,0.0,5.88235294118,8.82352941176,2.94117647059,2.94117647059,5.88235294118
F,17.6470588235,0.0,14.7058823529,8.82352941176,0.0,2.94117647059,2.94117647059,8.82352941176,8.82352941176,8.82352941176
G,2.94117647059,0.0,0.0,8.82352941176,23.5294117647,2.94117647059,11.7647058824,5.88235294118,2.94117647059,5.88235294118
H,0.0,0.0,0.0,2.94117647059,0.0,0.0,5.88235294118,0.0,2.94117647059,0.0
I,5.88235294118,14.7058823529,5.88235294118,0.0,2.94117647059,0.0,2.94117647059,11.7647058824,2.94117647059,5.88235294118
K,5.88235294118,2.94117647059,0.0,14.7058823529,8.82352941176,8.82352941176,8.82352941176,8.82352941176,14.7058823529,5.88235294118
L,11.7647058824,11.7647058824,14.7058823529,14.7058823529,11.7647058824,2.94117647059,0.0,2.94117647059,5.88235294118,35.2941176471
M,5.88235294118,2.94117647059,0.0,0.0,0.0,0.0,0.0,0.0,2.94117647059,8.82352941176
N,5.88235294118,2.94117647059,2.94117647059,2.94117647059,5.88235294118,8.82352941176,2.94117647059,2.94117647059,2.94117647059,2.94117647059
P,0.0,2.94117647059,2.94117647059,2.94117647059,8.82352941176,5.88235294118,5.88235294118,5.88235294118,2.94117647059,2.94117647059
Q,5.88235294118,5.88235294118,0.0,0.0,5.88235294118,5.88235294118,2.94117647059,5.88235294118,5.88235294118,0.0
R,5.88235294118,0.0,0.0,0.0,8.82352941176,0.0,5.88235294118,5.88235294118,2.94117647059,5.88235294118
S,11.7647058824,5.88235294118,0.0,2.94117647059,8.82352941176,8.82352941176,8.82352941176,5.88235294118,2.94117647059,2.94117647059
T,5.88235294118,5.88235294118,0.0,0.0,5.88235294118,0.0,5.88235294118,5.88235294118,2.94117647059,0.0
V,0.0,8.82352941176,5.88235294118,5.88235294118,0.0,8.82352941176,11.7647058824,5.88235294118,29.4117647059,0.0
W,0.0,0.0,0.0,0.0,2.94117647059,0.0,0.0,5.88235294118,0.0,0.0
Y,0.0,2.94117647059,5.88235294118,5.88235294118,2.94117647059,8.82352941176,5.88235294118,0.0,0.0,0.0
