Amino Acid,P2,P3,P1,P6,P7,P4,P5,P8,P9
A,3.30578512397,3.30578512397,0.826446280992,3.30578512397,9.09090909091,6.61157024793,6.61157024793,9.09090909091,0.0
C,0.0,0.0,0.0,0.0,0.0,0.0,0.0,0.0,0.0
D,0.0,8.26446280992,56.1983471074,4.13223140496,3.30578512397,2.47933884298,3.30578512397,8.26446280992,1.65289256198
E,1.65289256198,4.95867768595,9.09090909091,9.09090909091,19.0082644628,7.43801652893,6.61157024793,14.8760330579,0.0
F,46.2809917355,2.47933884298,4.13223140496,4.13223140496,5.78512396694,4.95867768595,2.47933884298,0.826446280992,9.9173553719
G,0.0,4.13223140496,0.0,2.47933884298,2.47933884298,4.95867768595,5.78512396694,1.65289256198,0.0
H,0.0,1.65289256198,0.0,4.95867768595,0.0,4.95867768595,9.9173553719,3.30578512397,0.0
I,8.26446280992,9.9173553719,0.826446280992,3.30578512397,4.13223140496,1.65289256198,1.65289256198,1.65289256198,1.65289256198
K,0.0,3.30578512397,0.0,1.65289256198,11.5702479339,10.7438016529,4.95867768595,4.13223140496,0.0
L,21.4876033058,2.47933884298,1.65289256198,4.95867768595,2.47933884298,4.13223140496,7.43801652893,5.78512396694,58.6776859504
M,9.9173553719,4.95867768595,0.0,0.826446280992,3.30578512397,0.826446280992,0.0,2.47933884298,8.26446280992
N,0.0,9.9173553719,14.8760330579,22.3140495868,1.65289256198,5.78512396694,6.61157024793,2.47933884298,1.65289256198
P,0.826446280992,0.826446280992,1.65289256198,6.61157024793,14.8760330579,13.2231404959,11.5702479339,4.95867768595,13.2231404959
Q,2.47933884298,20.6611570248,0.0,5.78512396694,9.09090909091,2.47933884298,4.95867768595,10.7438016529,0.826446280992
R,0.0,2.47933884298,0.0,0.826446280992,0.826446280992,6.61157024793,4.95867768595,4.95867768595,0.0
S,0.0,10.7438016529,4.95867768595,10.7438016529,3.30578512397,10.7438016529,2.47933884298,4.95867768595,0.0
T,1.65289256198,7.43801652893,4.13223140496,5.78512396694,1.65289256198,4.95867768595,0.0,4.13223140496,0.0
V,1.65289256198,1.65289256198,0.0,2.47933884298,4.95867768595,4.95867768595,15.7024793388,12.3966942149,0.826446280992
W,0.0,0.0,0.0,0.0,0.826446280992,0.0,1.65289256198,0.826446280992,1.65289256198
Y,2.47933884298,0.826446280992,1.65289256198,6.61157024793,1.65289256198,2.47933884298,3.30578512397,2.47933884298,1.65289256198
