Amino Acid,P2,P3,P1,P6,P7,P4,P5,P8
A,2.5641025641,10.2564102564,0.0,10.2564102564,2.5641025641,5.12820512821,15.3846153846,0.0
C,0.0,0.0,0.0,0.0,2.5641025641,0.0,0.0,0.0
D,0.0,7.69230769231,48.7179487179,0.0,5.12820512821,0.0,2.5641025641,5.12820512821
E,5.12820512821,5.12820512821,5.12820512821,7.69230769231,15.3846153846,5.12820512821,2.5641025641,5.12820512821
F,51.2820512821,2.5641025641,2.5641025641,12.8205128205,0.0,2.5641025641,0.0,7.69230769231
G,0.0,48.7179487179,2.5641025641,7.69230769231,7.69230769231,2.5641025641,10.2564102564,2.5641025641
H,2.5641025641,0.0,2.5641025641,5.12820512821,5.12820512821,5.12820512821,10.2564102564,0.0
I,5.12820512821,0.0,5.12820512821,0.0,12.8205128205,5.12820512821,2.5641025641,0.0
K,0.0,2.5641025641,0.0,7.69230769231,10.2564102564,17.9487179487,0.0,2.5641025641
L,12.8205128205,5.12820512821,2.5641025641,5.12820512821,0.0,2.5641025641,2.5641025641,28.2051282051
M,2.5641025641,0.0,0.0,5.12820512821,2.5641025641,2.5641025641,5.12820512821,12.8205128205
N,5.12820512821,5.12820512821,12.8205128205,5.12820512821,0.0,5.12820512821,2.5641025641,0.0
P,0.0,0.0,0.0,2.5641025641,10.2564102564,20.5128205128,2.5641025641,17.9487179487
Q,0.0,5.12820512821,0.0,2.5641025641,7.69230769231,0.0,12.8205128205,0.0
R,0.0,0.0,0.0,5.12820512821,0.0,5.12820512821,2.5641025641,0.0
S,2.5641025641,0.0,0.0,0.0,2.5641025641,5.12820512821,10.2564102564,0.0
T,2.5641025641,0.0,5.12820512821,2.5641025641,2.5641025641,2.5641025641,12.8205128205,0.0
V,2.5641025641,7.69230769231,5.12820512821,5.12820512821,12.8205128205,12.8205128205,2.5641025641,10.2564102564
W,0.0,0.0,2.5641025641,7.69230769231,0.0,0.0,0.0,2.5641025641
Y,5.12820512821,0.0,5.12820512821,7.69230769231,0.0,0.0,2.5641025641,5.12820512821
