Amino Acid,P2,P3,P1,P6,P7,P4,P5,P8,P9
A,3.65853658537,4.87804878049,2.43902439024,2.43902439024,9.75609756098,9.75609756098,2.43902439024,1.21951219512,0.0
C,1.21951219512,0.0,1.21951219512,0.0,0.0,0.0,0.0,0.0,0.0
D,1.21951219512,7.31707317073,8.53658536585,4.87804878049,0.0,14.6341463415,1.21951219512,3.65853658537,0.0
E,1.21951219512,14.6341463415,2.43902439024,1.21951219512,1.21951219512,3.65853658537,0.0,2.43902439024,0.0
F,6.09756097561,2.43902439024,6.09756097561,3.65853658537,0.0,6.09756097561,1.21951219512,1.21951219512,8.53658536585
G,4.87804878049,3.65853658537,0.0,3.65853658537,1.21951219512,13.4146341463,4.87804878049,2.43902439024,0.0
H,1.21951219512,2.43902439024,1.21951219512,4.87804878049,8.53658536585,4.87804878049,4.87804878049,4.87804878049,1.21951219512
I,4.87804878049,1.21951219512,2.43902439024,2.43902439024,3.65853658537,4.87804878049,3.65853658537,2.43902439024,0.0
K,0.0,3.65853658537,0.0,7.31707317073,3.65853658537,2.43902439024,6.09756097561,13.4146341463,0.0
L,8.53658536585,6.09756097561,6.09756097561,7.31707317073,6.09756097561,6.09756097561,19.512195122,19.512195122,86.5853658537
M,3.65853658537,2.43902439024,3.65853658537,2.43902439024,1.21951219512,0.0,3.65853658537,3.65853658537,1.21951219512
N,2.43902439024,2.43902439024,10.9756097561,4.87804878049,0.0,4.87804878049,0.0,2.43902439024,0.0
P,4.87804878049,18.2926829268,1.21951219512,17.0731707317,14.6341463415,13.4146341463,18.2926829268,0.0,0.0
Q,8.53658536585,3.65853658537,4.87804878049,4.87804878049,1.21951219512,4.87804878049,0.0,3.65853658537,0.0
R,0.0,1.21951219512,1.21951219512,9.75609756098,7.31707317073,2.43902439024,2.43902439024,10.9756097561,0.0
S,3.65853658537,10.9756097561,21.9512195122,1.21951219512,3.65853658537,2.43902439024,1.21951219512,4.87804878049,0.0
T,2.43902439024,3.65853658537,4.87804878049,4.87804878049,3.65853658537,1.21951219512,3.65853658537,12.1951219512,0.0
V,7.31707317073,7.31707317073,2.43902439024,17.0731707317,31.7073170732,1.21951219512,10.9756097561,4.87804878049,2.43902439024
W,19.512195122,2.43902439024,0.0,0.0,0.0,0.0,2.43902439024,2.43902439024,0.0
Y,14.6341463415,1.21951219512,18.2926829268,0.0,2.43902439024,3.65853658537,13.4146341463,3.65853658537,0.0
