Amino Acid,P2,P3,P1,P6,P7,P4,P5,P8,P9,P10
A,3.15789473684,15.7894736842,2.10526315789,6.31578947368,1.05263157895,4.21052631579,4.21052631579,4.21052631579,2.10526315789,0.0
C,1.05263157895,0.0,0.0,0.0,0.0,0.0,0.0,0.0,0.0,0.0
D,2.10526315789,13.6842105263,9.47368421053,3.15789473684,4.21052631579,8.42105263158,2.10526315789,0.0,6.31578947368,0.0
E,0.0,17.8947368421,5.26315789474,0.0,6.31578947368,8.42105263158,0.0,0.0,5.26315789474,0.0
F,3.15789473684,2.10526315789,0.0,2.10526315789,0.0,1.05263157895,5.26315789474,3.15789473684,5.26315789474,8.42105263158
G,0.0,5.26315789474,0.0,3.15789473684,4.21052631579,30.5263157895,7.36842105263,0.0,3.15789473684,0.0
H,0.0,4.21052631579,4.21052631579,2.10526315789,5.26315789474,5.26315789474,1.05263157895,7.36842105263,3.15789473684,1.05263157895
I,6.31578947368,2.10526315789,1.05263157895,2.10526315789,4.21052631579,0.0,16.8421052632,11.5789473684,3.15789473684,4.21052631579
K,0.0,4.21052631579,0.0,10.5263157895,8.42105263158,8.42105263158,0.0,4.21052631579,15.7894736842,0.0
L,61.0526315789,4.21052631579,1.05263157895,4.21052631579,9.47368421053,1.05263157895,31.5789473684,5.26315789474,14.7368421053,77.8947368421
M,0.0,1.05263157895,1.05263157895,1.05263157895,0.0,0.0,5.26315789474,0.0,2.10526315789,3.15789473684
N,1.05263157895,3.15789473684,17.8947368421,1.05263157895,8.42105263158,11.5789473684,3.15789473684,1.05263157895,2.10526315789,0.0
P,0.0,3.15789473684,0.0,34.7368421053,6.31578947368,5.26315789474,3.15789473684,25.2631578947,0.0,1.05263157895
Q,1.05263157895,2.10526315789,4.21052631579,6.31578947368,23.1578947368,4.21052631579,1.05263157895,3.15789473684,4.21052631579,0.0
R,0.0,1.05263157895,1.05263157895,6.31578947368,3.15789473684,2.10526315789,0.0,5.26315789474,3.15789473684,0.0
S,2.10526315789,5.26315789474,29.4736842105,3.15789473684,4.21052631579,6.31578947368,1.05263157895,3.15789473684,2.10526315789,0.0
T,6.31578947368,0.0,18.9473684211,0.0,2.10526315789,2.10526315789,2.10526315789,2.10526315789,7.36842105263,0.0
V,3.15789473684,5.26315789474,0.0,4.21052631579,8.42105263158,0.0,12.6315789474,16.8421052632,10.5263157895,4.21052631579
W,8.42105263158,1.05263157895,0.0,0.0,0.0,1.05263157895,2.10526315789,0.0,1.05263157895,0.0
Y,1.05263157895,8.42105263158,4.21052631579,9.47368421053,1.05263157895,0.0,1.05263157895,7.36842105263,8.42105263158,0.0
