Amino Acid,P2,P3,P1,P6,P7,P4,P5,P8
A,0.0,0.0,8.33333333333,0.0,0.0,0.0,0.0,0.0
C,0.0,0.0,0.0,0.0,0.0,0.0,0.0,0.0
D,25.0,8.33333333333,8.33333333333,0.0,0.0,0.0,8.33333333333,0.0
E,0.0,8.33333333333,0.0,0.0,0.0,0.0,0.0,0.0
F,0.0,0.0,0.0,0.0,0.0,8.33333333333,0.0,16.6666666667
G,0.0,16.6666666667,8.33333333333,0.0,0.0,8.33333333333,0.0,0.0
H,8.33333333333,0.0,0.0,8.33333333333,0.0,0.0,16.6666666667,0.0
I,0.0,16.6666666667,8.33333333333,0.0,0.0,0.0,16.6666666667,8.33333333333
K,0.0,0.0,0.0,0.0,16.6666666667,8.33333333333,0.0,8.33333333333
L,33.3333333333,25.0,25.0,16.6666666667,41.6666666667,8.33333333333,16.6666666667,58.3333333333
M,0.0,0.0,0.0,0.0,0.0,8.33333333333,0.0,0.0
N,0.0,0.0,0.0,0.0,0.0,0.0,0.0,0.0
P,16.6666666667,16.6666666667,16.6666666667,8.33333333333,0.0,41.6666666667,25.0,0.0
Q,8.33333333333,0.0,0.0,0.0,16.6666666667,0.0,0.0,0.0
R,0.0,0.0,0.0,8.33333333333,8.33333333333,0.0,8.33333333333,0.0
S,0.0,8.33333333333,0.0,8.33333333333,0.0,0.0,8.33333333333,0.0
T,8.33333333333,0.0,8.33333333333,0.0,0.0,0.0,0.0,0.0
V,0.0,0.0,8.33333333333,50.0,8.33333333333,0.0,0.0,8.33333333333
W,0.0,0.0,0.0,0.0,8.33333333333,0.0,0.0,0.0
Y,0.0,0.0,8.33333333333,0.0,0.0,16.6666666667,0.0,0.0
