Amino Acid,P2,P3,P1,P6,P7,P4,P5,P8,P9,P10
A,1.02040816327,3.0612244898,14.2857142857,4.08163265306,7.14285714286,3.0612244898,11.2244897959,2.04081632653,2.04081632653,1.02040816327
C,0.0,1.02040816327,0.0,0.0,0.0,0.0,0.0,0.0,0.0,0.0
D,0.0,1.02040816327,0.0,5.10204081633,2.04081632653,6.12244897959,4.08163265306,6.12244897959,2.04081632653,0.0
E,0.0,0.0,0.0,4.08163265306,1.02040816327,15.306122449,4.08163265306,8.16326530612,3.0612244898,0.0
F,1.02040816327,14.2857142857,1.02040816327,2.04081632653,5.10204081633,3.0612244898,0.0,1.02040816327,7.14285714286,28.5714285714
G,0.0,2.04081632653,12.2448979592,11.2244897959,10.2040816327,9.18367346939,11.2244897959,6.12244897959,7.14285714286,0.0
H,0.0,0.0,1.02040816327,3.0612244898,2.04081632653,3.0612244898,2.04081632653,3.0612244898,8.16326530612,0.0
I,1.02040816327,14.2857142857,7.14285714286,5.10204081633,6.12244897959,4.08163265306,1.02040816327,5.10204081633,4.08163265306,0.0
K,0.0,3.0612244898,9.18367346939,8.16326530612,10.2040816327,3.0612244898,4.08163265306,2.04081632653,8.16326530612,2.04081632653
L,0.0,15.306122449,0.0,8.16326530612,14.2857142857,2.04081632653,7.14285714286,11.2244897959,18.3673469388,56.1224489796
M,0.0,1.02040816327,3.0612244898,1.02040816327,2.04081632653,0.0,3.0612244898,2.04081632653,2.04081632653,0.0
N,1.02040816327,0.0,1.02040816327,4.08163265306,4.08163265306,4.08163265306,3.0612244898,6.12244897959,3.0612244898,0.0
P,3.0612244898,0.0,2.04081632653,17.3469387755,9.18367346939,25.5102040816,11.2244897959,4.08163265306,0.0,0.0
Q,89.7959183673,1.02040816327,2.04081632653,2.04081632653,2.04081632653,5.10204081633,2.04081632653,5.10204081633,5.10204081633,0.0
R,1.02040816327,0.0,15.306122449,3.0612244898,7.14285714286,2.04081632653,1.02040816327,0.0,8.16326530612,0.0
S,1.02040816327,1.02040816327,16.3265306122,3.0612244898,2.04081632653,8.16326530612,9.18367346939,10.2040816327,6.12244897959,0.0
T,0.0,0.0,7.14285714286,8.16326530612,3.0612244898,0.0,10.2040816327,8.16326530612,5.10204081633,2.04081632653
V,1.02040816327,23.4693877551,5.10204081633,8.16326530612,7.14285714286,4.08163265306,13.2653061224,12.2448979592,6.12244897959,2.04081632653
W,0.0,2.04081632653,1.02040816327,1.02040816327,1.02040816327,1.02040816327,1.02040816327,3.0612244898,2.04081632653,7.14285714286
Y,0.0,17.3469387755,2.04081632653,1.02040816327,4.08163265306,1.02040816327,1.02040816327,4.08163265306,2.04081632653,1.02040816327
