Amino Acid,P2,P3,P1,P6,P7,P4,P5,P8
A,9.09090909091,0.0,27.2727272727,0.0,0.0,0.0,0.0,0.0
C,0.0,0.0,0.0,0.0,0.0,0.0,0.0,0.0
D,0.0,9.09090909091,0.0,0.0,0.0,0.0,0.0,0.0
E,0.0,0.0,0.0,9.09090909091,0.0,9.09090909091,0.0,0.0
F,0.0,45.4545454545,27.2727272727,9.09090909091,27.2727272727,0.0,9.09090909091,54.5454545455
G,0.0,0.0,0.0,9.09090909091,0.0,9.09090909091,0.0,0.0
H,0.0,0.0,9.09090909091,9.09090909091,0.0,9.09090909091,9.09090909091,0.0
I,0.0,27.2727272727,0.0,9.09090909091,9.09090909091,9.09090909091,0.0,0.0
K,0.0,9.09090909091,0.0,27.2727272727,9.09090909091,0.0,0.0,0.0
L,0.0,0.0,9.09090909091,0.0,9.09090909091,0.0,0.0,27.2727272727
M,0.0,0.0,0.0,0.0,9.09090909091,9.09090909091,0.0,9.09090909091
N,0.0,0.0,0.0,0.0,0.0,9.09090909091,0.0,0.0
P,0.0,0.0,0.0,9.09090909091,0.0,27.2727272727,63.6363636364,0.0
Q,90.9090909091,0.0,0.0,0.0,0.0,0.0,0.0,0.0
R,0.0,0.0,0.0,0.0,0.0,9.09090909091,0.0,0.0
S,0.0,0.0,0.0,9.09090909091,9.09090909091,0.0,0.0,0.0
T,0.0,0.0,9.09090909091,9.09090909091,9.09090909091,0.0,0.0,9.09090909091
V,0.0,9.09090909091,9.09090909091,0.0,9.09090909091,9.09090909091,18.1818181818,0.0
W,0.0,0.0,0.0,0.0,9.09090909091,0.0,0.0,0.0
Y,0.0,0.0,9.09090909091,0.0,0.0,0.0,0.0,0.0
