Amino Acid,P2,P3,P1,P6,P7,P4,P5,P8,P9
A,0.0,4.87804878049,17.6829268293,4.26829268293,3.65853658537,4.87804878049,4.87804878049,4.26829268293,0.0
C,0.0,3.0487804878,0.0,0.0,0.609756097561,0.0,0.0,0.0,0.0
D,1.21951219512,2.43902439024,0.609756097561,1.82926829268,1.21951219512,9.14634146341,2.43902439024,2.43902439024,0.0
E,0.0,0.0,0.609756097561,3.65853658537,3.0487804878,9.75609756098,2.43902439024,6.09756097561,0.0
F,0.609756097561,14.0243902439,3.0487804878,3.65853658537,10.3658536585,3.65853658537,3.65853658537,4.87804878049,26.8292682927
G,0.609756097561,1.21951219512,14.0243902439,6.09756097561,1.82926829268,4.26829268293,7.31707317073,2.43902439024,0.0
H,0.0,1.82926829268,3.0487804878,3.0487804878,4.26829268293,1.21951219512,7.92682926829,6.09756097561,0.0
I,0.609756097561,11.5853658537,3.65853658537,7.31707317073,10.3658536585,3.0487804878,10.9756097561,7.31707317073,5.48780487805
K,0.609756097561,0.609756097561,6.09756097561,4.87804878049,2.43902439024,4.26829268293,9.14634146341,10.3658536585,0.609756097561
L,3.0487804878,8.53658536585,1.82926829268,7.92682926829,14.6341463415,4.26829268293,3.0487804878,10.3658536585,58.5365853659
M,2.43902439024,0.0,1.21951219512,2.43902439024,3.0487804878,1.21951219512,1.82926829268,1.21951219512,0.609756097561
N,0.0,0.609756097561,0.609756097561,1.21951219512,2.43902439024,3.0487804878,4.26829268293,4.87804878049,0.0
P,0.0,0.609756097561,0.609756097561,18.2926829268,7.92682926829,24.3902439024,9.14634146341,0.0,0.0
Q,86.5853658537,0.0,4.87804878049,6.70731707317,1.82926829268,3.0487804878,3.65853658537,11.5853658537,0.0
R,0.0,0.0,10.3658536585,7.31707317073,3.0487804878,4.26829268293,3.65853658537,6.70731707317,0.0
S,0.0,2.43902439024,21.9512195122,3.0487804878,7.31707317073,6.70731707317,3.65853658537,4.87804878049,0.0
T,0.609756097561,2.43902439024,5.48780487805,4.26829268293,9.75609756098,5.48780487805,6.09756097561,6.70731707317,0.609756097561
V,1.82926829268,28.0487804878,3.0487804878,10.3658536585,10.3658536585,5.48780487805,10.9756097561,4.87804878049,1.21951219512
W,1.21951219512,1.82926829268,0.0,1.21951219512,1.21951219512,0.0,1.82926829268,0.609756097561,6.09756097561
Y,0.609756097561,15.8536585366,1.21951219512,2.43902439024,0.609756097561,1.82926829268,3.0487804878,4.26829268293,0.0
