Amino Acid,P1,P2,P3,P4,P5,P6,P7,P8,P9,P10
A,11.23287671,2.054794521,9.726027397,2.602739726,4.794520548,6.712328767,2.739726027,7.534246575,3.97260274,9.589041096
C,0.136986301,0.410958904,0.95890411,0.136986301,0.136986301,0.136986301,0.410958904,0.410958904,0.821917808,1.643835616
D,0.410958904,2.054794521,15.34246575,25.20547945,7.397260274,5.205479452,4.109589041,2.054794521,1.369863014,0.684931507
E,0.410958904,0.821917808,2.876712329,25.06849315,10,8.219178082,5.068493151,8.356164384,8.630136986,0.821917808
F,16.57534247,3.287671233,10.54794521,1.095890411,3.835616438,3.424657534,4.794520548,4.794520548,4.931506849,4.246575342
G,6.438356164,1.369863014,3.01369863,6.98630137,10.95890411,12.32876712,6.438356164,1.506849315,4.931506849,0.410958904
H,2.328767123,0.136986301,1.369863014,2.191780822,5.479452055,4.246575342,3.698630137,6.438356164,4.109589041,0.547945205
I,5.205479452,4.794520548,8.356164384,1.369863014,7.397260274,5.479452055,8.904109589,8.356164384,2.191780822,6.02739726
K,6.712328767,0.136986301,0.821917808,3.424657534,8.493150685,13.15068493,6.98630137,3.424657534,11.23287671,1.232876712
L,10,66.02739726,15.75342466,2.465753425,9.589041096,6.438356164,18.21917808,11.09589041,6.712328767,28.21917808
M,2.602739726,6.98630137,5.068493151,0.547945205,1.506849315,1.232876712,2.602739726,4.657534247,1.780821918,2.328767123
N,1.506849315,0.273972603,1.232876712,4.657534247,4.520547945,1.917808219,4.246575342,3.561643836,3.97260274,0
P,0.821917808,0.95890411,1.506849315,8.356164384,3.424657534,8.219178082,9.315068493,4.520547945,0.95890411,0.136986301
Q,2.054794521,1.506849315,3.150684932,3.561643836,3.150684932,2.739726027,2.876712329,3.424657534,7.397260274,0.273972603
R,2.602739726,0,0.273972603,2.054794521,4.657534247,4.794520548,3.424657534,2.328767123,5.479452055,0.547945205
S,6.02739726,1.232876712,4.109589041,4.657534247,2.876712329,3.150684932,2.602739726,4.383561644,10.1369863,0.684931507
T,4.383561644,0.547945205,2.602739726,3.01369863,3.424657534,4.520547945,3.01369863,5.753424658,8.630136986,1.917808219
V,9.315068493,4.383561644,3.01369863,1.780821918,6.575342466,5.890410959,8.219178082,12.05479452,4.246575342,40.54794521
W,0.95890411,0.95890411,3.150684932,0.273972603,0.273972603,0.410958904,0.547945205,1.917808219,0.136986301,0.136986301
Y,10.2739726,2.054794521,7.123287671,0.547945205,1.506849315,1.780821918,1.780821918,3.424657534,8.356164384,0