Amino Acid,P1,P2,P3,P4,P5,P6,P7,P8
A,3.448275862,13.79310345,10.34482759,6.896551724,6.896551724,6.896551724,0,0
C,3.448275862,0,0,0,3.448275862,0,0,3.448275862
D,3.448275862,0,24.13793103,0,3.448275862,0,3.448275862,0
E,3.448275862,3.448275862,10.34482759,17.24137931,3.448275862,13.79310345,10.34482759,3.448275862
F,6.896551724,20.68965517,0,6.896551724,3.448275862,3.448275862,3.448275862,0
G,3.448275862,13.79310345,6.896551724,6.896551724,10.34482759,6.896551724,6.896551724,3.448275862
H,6.896551724,0,10.34482759,0,10.34482759,10.34482759,17.24137931,3.448275862
I,10.34482759,3.448275862,3.448275862,0,27.5862069,10.34482759,3.448275862,3.448275862
K,0,3.448275862,10.34482759,17.24137931,3.448275862,3.448275862,20.68965517,6.896551724
L,41.37931034,10.34482759,6.896551724,6.896551724,6.896551724,6.896551724,0,27.5862069
M,0,0,0,6.896551724,0,3.448275862,6.896551724,6.896551724
N,0,6.896551724,3.448275862,0,3.448275862,0,3.448275862,0
P,6.896551724,10.34482759,6.896551724,13.79310345,6.896551724,0,3.448275862,0
Q,0,0,0,3.448275862,3.448275862,3.448275862,3.448275862,0
R,0,0,3.448275862,3.448275862,0,3.448275862,6.896551724,0
S,0,3.448275862,3.448275862,0,0,3.448275862,3.448275862,0
T,0,0,0,0,0,3.448275862,0,3.448275862
V,10.34482759,0,0,10.34482759,3.448275862,17.24137931,6.896551724,37.93103448
W,0,3.448275862,0,0,3.448275862,0,0,0
Y,0,6.896551724,0,0,0,3.448275862,0,0
Total,100,100,100,100,100,100,100,100