Amino Acid,P1,P2,P3,P4,P5,P6,P7,P8,P9
A,8.662092624,1.114922813,9.176672384,4.116638079,4.459691252,2.144082333,5.231560892,5.231560892,4.888507719
C,0.171526587,0.343053173,1.114922813,0.085763293,0.428816467,1.2864494,0.77186964,0.686106346,1.372212693
D,0.428816467,0.686106346,15.60891938,20.15437393,3.859348199,2.058319039,2.744425386,1.02915952,0.171526587
E,0.51457976,1.02915952,2.830188679,19.63979417,6.089193825,2.744425386,6.518010292,12.17838765,0.171526587
F,14.57975986,2.487135506,7.204116638,1.114922813,5.917667238,4.373927959,7.289879931,4.030874786,1.715265866
G,3.087478559,1.114922813,3.001715266,7.289879931,3.773584906,1.715265866,0.343053173,4.116638079,0
H,4.116638079,0.171526587,2.401372213,3.344768439,10.2915952,3.687821612,9.948542024,6.260720412,0.085763293
I,6.346483705,6.861063465,7.375643225,1.54373928,7.718696398,15.86620926,9.176672384,1.200686106,7.804459691
K,6.603773585,0.171526587,1.457975986,8.747855918,12.60720412,5.403087479,5.831903945,15.00857633,0.25728988
L,9.348198971,67.23842196,16.98113208,2.315608919,10.63464837,19.38250429,8.919382504,6.432246998,37.39279588
M,2.915951973,7.547169811,5.145797599,0.343053173,1.886792453,1.629502573,3.344768439,2.315608919,4.288164666
N,3.259005146,0,4.373927959,4.545454545,1.972555746,2.487135506,1.972555746,5.060034305,0.085763293
P,0.943396226,0.77186964,1.372212693,6.861063465,2.229845626,5.831903945,5.403087479,0.25728988,0.171526587
Q,3.602058319,1.80102916,2.658662093,4.716981132,3.087478559,2.572898799,3.516295026,4.974271012,0
R,2.401372213,0.085763293,0.51457976,3.602058319,7.204116638,3.687821612,2.744425386,6.518010292,0.25728988
S,6.346483705,0.857632933,4.631217839,5.403087479,2.315608919,3.173241852,2.915951973,9.262435678,0
T,6.174957118,1.2864494,1.972555746,3.001715266,4.030874786,4.459691252,4.459691252,7.118353345,0.51457976
V,7.461406518,4.974271012,4.631217839,2.058319039,7.461406518,15.3516295,9.948542024,2.487135506,40.82332762
W,1.02915952,0.25728988,4.030874786,0.51457976,1.372212693,0.25728988,3.344768439,0.343053173,0
Y,12.00686106,1.200686106,3.516295026,0.600343053,2.658662093,1.886792453,5.574614065,5.488850772,0
Total,100,100,100,100,100,100,100,100,